"","census_tract_code","year","arrests_B","arrests_W","arrests_total","state","county","ct_pop","ct_white","ct_black","pct_white","pct_black","arrests_B_pct","arrests_W_pct","pct_arrests","pct_black_arrests","pct_white_arrests","SIR","SIR_B","SIR_W"
"1",10100,2010,965,693,1658,37,129,3153,822,2116,0.260704091,0.671106882,0.581991435980942,0.417948254025692,0.5258317211633,0.456027597939606,0.842963143169931,15.3763580834575,13.329296775977,24.5874615389456
"2",10100,2011,854,754,1614,37,129,2749,623,1970,0.226627865,0.716624227,0.529087417136485,0.467133387026826,0.587101233130843,0.433480533983047,1.21007863906275,17.1657400622227,12.6690128409651,35.2568629767701
"3",10100,2012,839,772,1617,37,129,2877,561,2263,0.194994786,0.786583246,0.518830004328737,0.477397810896048,0.562024260540127,0.370730414033847,1.37586882908572,16.4332873691039,10.8370721118992,40.0673327976029
"4",10100,2013,752,701,1454,37,129,2462,636,1795,0.258326564,0.729082047,0.5171583797538,0.482085138573688,0.590552780147029,0.418918166118879,1.10202798302154,17.2645895772702,12.2416994277577,32.111661856273
"5",10100,2014,629,539,1169,37,129,2212,566,1627,0.255877034,0.735533454,0.538020699683517,0.461038405611154,0.528457122191583,0.386577346198759,0.952128599187423,15.447244174921,11.2947967912506,27.7286190014215
"6",10100,2015,571,574,1153,37,129,2161,845,1278,0.391022675,0.591392874,0.495186887520597,0.497788569941896,0.533524593956781,0.446756904780534,0.679209560998698,15.5949009220822,13.0469101535766,19.8129618227964
"7",10100,2016,696,615,1315,37,129,2245,882,1259,0.392873051,0.560801782,0.529237320355866,0.467645046004106,0.585720012471605,0.552775792232547,0.697199863961002,17.1214075915824,16.1425058110791,20.3405944336188
"8",10100,2017,657,554,1215,37,129,2251,906,1225,0.402487783,0.544202577,0.540696238992675,0.4559295531232,0.539736129003598,0.536282752428373,0.611411543979693,15.7772878399613,15.6598921517117,17.8392556281757
"9",10100,2018,437,477,920,37,129,2267,943,1182,0.41596824,0.521393913,0.474948375176611,0.518421910661885,0.405804772617,0.369681076051096,0.505778814547768,11.8623805807212,10.7940839109968,14.7589928481854
"10",10200,2010,177,147,325,37,129,3290,1386,1897,0.421276596,0.576595745,0.544447862196247,0.452168563518917,0.0987811920610316,0.0933003004585947,0.106052954332299,2.88866489672784,2.72666808735791,3.09766075042138
"11",10200,2011,272,118,390,37,129,3440,1609,1815,0.467732558,0.527616279,0.697257113560625,0.30248654191233,0.11336879741868,0.149854002534296,0.0733329190230564,3.31537529885077,4.37913556117093,2.14255790629611
"12",10200,2012,221,88,309,37,129,3530,1598,1908,0.452691218,0.540509915,0.714978971206729,0.284697508896797,0.0875329310784397,0.115822021906609,0.0550653901508041,2.5598806641625,3.38488641742654,1.60881858351862
"13",10200,2013,181,135,316,37,129,3587,1590,1968,0.443267354,0.548647895,0.572603606453654,0.42708003796267,0.0880934459591313,0.0919668716020527,0.084900320734545,2.57630555048042,2.68784337350684,2.48046912894946
"14",10200,2014,212,125,337,37,129,3699,1678,1844,0.453636118,0.498513112,0.628893503411451,0.370809848709582,0.0911032413289719,0.114961227699149,0.0744890054227996,2.66439097397265,3.35955732004922,2.17649206783596
"15",10200,2015,163,88,252,37,129,3703,1678,1866,0.453146098,0.503915744,0.646568821896073,0.349067830226101,0.0680510923280495,0.0873479449118482,0.0524402598176509,1.99021311510917,2.55264952147941,1.53225041575652
"16",10200,2016,212,148,361,37,129,3644,1991,1438,0.546377607,0.394621295,0.587094987538078,0.409858764885073,0.0990642408276392,0.147416730408177,0.0743307719351112,2.89718371488915,4.3061565878606,2.17244296147542
"17",10200,2017,167,131,298,37,129,3603,1995,1331,0.553705246,0.369414377,0.560214693056021,0.439449849043945,0.0827065582415143,0.125460145744121,0.065660869129367,2.41877369882781,3.66420994381877,1.91905579242254
"18",10200,2018,203,120,324,37,129,3503,1958,1329,0.558949472,0.379389095,0.626349892008639,0.37025609379821,0.0924895092917701,0.152734933413588,0.0612838976558909,2.7048179862342,4.46078771710612,1.791083123879
"19",10300,2010,253,103,358,37,129,5104,2345,2622,0.459443574,0.513714734,0.706506562412734,0.287629153867635,0.070139691620462,0.0964875481484306,0.0439213679587224,2.05172558517744,2.82097477774442,1.28395129673988
"20",10300,2011,375,156,535,37,129,5040,2199,2699,0.436309524,0.535515873,0.700803588114371,0.291534292655578,0.106148687526041,0.13893520062243,0.0709381110454277,3.10503856273373,4.06212765926579,2.07356474025608
"21",10300,2012,391,196,587,37,129,4821,2246,2427,0.465878448,0.503422526,0.665985351728837,0.333844319536706,0.121756445624443,0.161097606196696,0.0872623658786341,3.56150265627942,4.70955035885645,2.55080130143626
"22",10300,2013,470,140,612,37,129,5419,2204,3050,0.406717106,0.562834471,0.767848390785819,0.22872079725535,0.112933882009928,0.154093308416118,0.0635179892019418,3.30364712679388,4.50585639141463,1.85667540923137
"23",10300,2014,346,115,461,37,129,4882,2175,2620,0.445514134,0.536665301,0.750379527217523,0.249403600086749,0.0944265787263677,0.132056028395863,0.0528711323617305,2.76209585119274,3.86087558727414,1.54543391807305
"24",10300,2015,325,150,477,37,129,5161,2398,2669,0.464638636,0.51714784,0.681198910081744,0.314399496960805,0.0924221580670787,0.121763890449964,0.0625495183687086,2.70354860694292,3.56003841191454,1.82855580234418
"25",10300,2016,397,131,536,37,129,5703,2812,2786,0.493073821,0.488514817,0.740533482559224,0.244357396008207,0.0939839736283775,0.142493090700262,0.0465844031151097,2.74937813449475,4.16628783156323,1.36207201161344
"26",10300,2017,321,129,454,37,129,5635,2589,2962,0.459449867,0.525643301,0.706892754899802,0.284078396828892,0.0805664495749853,0.10836906248945,0.0498242632575026,2.35685194026533,3.16874240702091,1.45667563798412
"27",10300,2018,378,128,513,37,129,5902,2715,3137,0.460013555,0.531514741,0.736698499317872,0.249464042097057,0.0869182155503973,0.120493449364062,0.0471437516113587,2.54272110357575,3.52345034642457,1.37837723789589
"28",10400,2010,93,140,233,37,129,2786,2372,225,0.851399856,0.080760948,0.398970398970399,0.600600600600601,0.083629446179247,0.413149711239449,0.0590194342565659,2.44520167444391,11.9421741750043,1.72533600700606
"29",10400,2011,76,104,184,37,129,2726,2342,235,0.859134263,0.086206897,0.412819120043455,0.564910374796306,0.0674956898132864,0.323266695023394,0.0444045941676273,1.97343040715558,9.349019721549,1.29807542408047
"30",10400,2012,58,78,137,37,129,2819,2565,190,0.909897127,0.067399787,0.423048869438366,0.568927789934355,0.0485970699868752,0.305102577590742,0.0304081712213949,1.42092351741351,8.79895854835343,0.889012447464017
"31",10400,2013,49,96,148,37,129,3033,2802,176,0.923837784,0.058028355,0.330857528696826,0.648210668467252,0.0487949622498434,0.278250993753549,0.0342600192712608,1.42681050696176,8.01523981359185,1.001718236338
"32",10400,2014,43,77,123,37,129,3061,2789,208,0.91114015,0.06795165,0.349309504467912,0.625507717303006,0.0401816340531182,0.206631427198462,0.0276074719443548,1.17495871106921,5.96667708221316,0.807202645797385
"33",10400,2015,56,141,197,37,129,2934,2647,222,0.902181322,0.075664622,0.284119736174531,0.715372907153729,0.0671415425513786,0.25213867627195,0.0532658380869631,1.96322006071491,7.28689761624021,1.55733166529793
"34",10400,2016,45,98,144,37,129,2857,2593,198,0.90759538,0.069303465,0.312283136710618,0.680083275503123,0.0504007560113402,0.227158001009591,0.037792603447611,1.47368089675653,6.55496665729228,1.1049166360914
"35",10400,2017,42,32,74,37,129,3073,2672,214,0.869508623,0.069638789,0.566801619433198,0.431848852901485,0.0240799192997299,0.196170014012144,0.0119755997155795,0.704127981355306,5.66672222247162,0.350133734030009
"36",10400,2018,46,57,103,37,129,3031,2584,256,0.852523919,0.084460574,0.446168768186227,0.55286129970902,0.0339810629804361,0.179617336977743,0.022057969892806,0.993637573938312,5.19968072661536,0.644891413544966
"37",10501,2010,232,244,476,37,129,3431,2103,1079,0.612940834,0.314485573,0.487292585591262,0.512497374501155,0.138731019206668,0.214993976461866,0.116019209738006,4.05706344396197,6.27604401420139,3.39111433757539
"38",10501,2011,192,310,502,37,129,3970,2159,1518,0.543828715,0.382367758,0.382393945429197,0.617406891057558,0.126445177703332,0.126473881825967,0.14357834282803,3.69818841494094,3.69478177515417,4.19678370379902
"39",10501,2012,178,351,535,37,129,4146,2350,1403,0.566811384,0.338398456,0.332648103158288,0.655952158475051,0.129036926268059,0.126861948542513,0.149355346580997,3.77410422624402,3.70555419121114,4.36610904988969
"40",10501,2013,162,378,546,37,129,4065,2409,1477,0.592619926,0.363345633,0.296648965390954,0.692180919245559,0.13431403901503,0.109674361925394,0.156905068282761,3.92839720456334,3.20383879672163,4.58694523850542
"41",10501,2014,146,313,460,37,129,4380,2720,1426,0.621004566,0.325570776,0.317322321234514,0.680286894153445,0.10502043332344,0.10237711240446,0.115069298922834,3.07177565699586,2.99046518303785,3.36437386134511
"42",10501,2015,108,226,334,37,129,4622,2999,1398,0.64885331,0.302466465,0.323256510026938,0.676444178389704,0.072261526146124,0.0772476932980474,0.0753559401153679,2.11367146166083,2.25633815875575,2.2034551768986
"43",10501,2016,124,253,385,37,129,4440,3013,1187,0.678603604,0.267342342,0.32199428719813,0.656972215009089,0.0867097587892165,0.104456237890658,0.0839666788357506,2.53622308785848,3.04998226698701,2.45524934597705
"44",10501,2017,124,181,307,37,129,4274,2844,1226,0.665418811,0.286850725,0.403777271247151,0.58938456528818,0.0718279871785873,0.101133675882881,0.0636405189690939,2.10088576446497,2.95319106138978,1.86079338423895
"45",10501,2018,102,254,362,37,129,4396,3200,1169,0.727934486,0.265923567,0.28169014084507,0.701463684065175,0.0823457155205751,0.0872465999486785,0.0793725196087622,2.40856136428503,2.54739071097087,2.32103977427356
"46",10502,2010,191,236,428,37,129,7375,5021,1912,0.680813559,0.259254237,0.446157439850502,0.551273067040411,0.0580331114154384,0.099890173108101,0.0470016530242377,1.69787341363414,2.9192888447206,1.3748793224929
"47",10502,2011,181,308,493,37,129,7441,5563,1375,0.747614568,0.184786991,0.367065503954573,0.624619752585682,0.0662536452943785,0.131626790778852,0.0553648145817979,1.93838797270738,3.84457470232893,1.61960499194556
"48",10502,2012,202,309,515,37,129,7991,5973,1178,0.747465899,0.147415843,0.392156862745098,0.599883517763541,0.0644466969503573,0.171462524403701,0.0517319314928597,1.88557122942421,5.00638524588521,1.51338383582959
"49",10502,2013,159,224,387,37,129,8272,6302,1181,0.761847195,0.142770793,0.410746577111857,0.578661844484629,0.0467837671208037,0.134620269240538,0.0355437076530046,1.36880847481936,3.93068415288494,1.03983360887771
"50",10502,2014,125,225,355,37,129,8408,6408,1207,0.762131304,0.143553758,0.352013517319065,0.633624331174317,0.04222119147013,0.103553972330379,0.0351118116134268,1.23532258293683,3.02375633850003,1.02720607876889
"51",10502,2015,155,234,393,37,129,8205,5857,1554,0.713833029,0.189396709,0.394301704400916,0.595268379547189,0.0478970396460738,0.0997361817128885,0.0399515118403305,1.40137690779248,2.91379759532701,1.16874441106718
"52",10502,2016,140,257,400,37,129,8472,6161,1422,0.727219075,0.167847025,0.349912521869533,0.642339415146213,0.0472137958711535,0.0984459601997047,0.0417133304117771,1.38140147906688,2.87561908447573,1.22031382514864
"53",10502,2017,190,250,443,37,129,8753,6188,1832,0.706957615,0.209299669,0.428797111261566,0.564206725344166,0.0506106408015446,0.10370612957808,0.0404001228163734,1.48080368056709,3.03061476482972,1.18189860591269
"54",10502,2018,183,253,441,37,129,8648,6455,1806,0.746415356,0.208834413,0.414871911131263,0.57356608478803,0.0509938599229889,0.101323293283871,0.0391938157425911,1.49201034157257,2.96091523219345,1.14662995688079
"55",10600,2010,175,202,377,37,129,4061,3733,94,0.919231716,0.023147008,0.464067886502254,0.535666931848316,0.0928319913323976,1.85972369819341,0.0541105247649407,2.71513453331591,52.8433047815075,1.58251884737758
"56",10600,2011,140,215,355,37,129,3983,3576,117,0.897815717,0.029374843,0.394255139397353,0.605463249788792,0.089126559714795,1.19555935098207,0.0601213612594726,2.60672318248799,34.1670594234049,1.75825363470942
"57",10600,2012,132,148,283,37,129,3829,3424,127,0.894228258,0.033167929,0.466266336983398,0.522783468738961,0.0739077067718263,1.03855232100708,0.0432230367103765,2.16154913033443,29.7352098096513,1.26401657009945
"58",10600,2013,85,191,277,37,129,3997,3548,158,0.887665749,0.039529647,0.306748466257669,0.689281847708409,0.0693002426759401,0.537634408602151,0.0538316281953722,2.0268593160194,15.4591773941992,1.57430011550794
"59",10600,2014,112,180,294,37,129,3979,3776,92,0.948982156,0.023121387,0.380822849370962,0.612036722203332,0.0738860546354703,1.21606948968512,0.047668229125288,2.16097597380143,34.532257951141,1.39411919084111
"60",10600,2015,98,172,270,37,129,3951,3746,176,0.948114401,0.044545685,0.362828582006664,0.63680118474639,0.0683354002682797,0.556501987507098,0.0459144176610341,1.99862363682719,16.0304796271837,1.34281865540456
"61",10600,2016,109,166,275,37,129,4196,3890,189,0.927073403,0.045042898,0.3962195565249,0.603416939294802,0.0655370463049022,0.576414595452142,0.0426724248733966,1.91685945033939,16.6221315263429,1.24803777454893
"62",10600,2017,116,188,307,37,129,4134,3785,237,0.915578133,0.057329463,0.377727124715076,0.612178443503745,0.07426041943833,0.489245044285112,0.049668436765211,2.17198298708597,14.150607176912,1.452620441452
"63",10600,2018,110,146,256,37,129,4147,3580,229,0.863274656,0.055220641,0.42951971885982,0.570089808668489,0.0617298835330713,0.480139676996945,0.040780983771403,1.80549133757101,13.8815382979116,1.19264392419833
"64",10700,2010,57,108,165,37,129,4314,2354,1312,0.545665276,0.304126101,0.345245305875227,0.654149000605694,0.0382466794928258,0.0434418108375886,0.0458774053778514,1.11867810946407,1.26872984022179,1.34113822031033
"65",10700,2011,56,59,115,37,129,4333,2374,1530,0.547888299,0.353104085,0.486533449174631,0.5125977410947,0.0265398906094944,0.036598915103588,0.0248515226822796,0.776268170048352,1.06920870688221,0.726494085322436
"66",10700,2012,69,76,147,37,129,4100,2401,1373,0.585609756,0.334878049,0.469068660774983,0.516655336505778,0.0358527840784371,0.050251256281407,0.0316521594269293,1.04862316157504,1.46774171296844,0.925312079580881
"67",10700,2013,68,69,137,37,129,4314,2388,1631,0.553546592,0.378071395,0.49598832968636,0.50328227571116,0.0317563338819221,0.0416896572864938,0.0288932624261966,0.928841824221686,1.21806984989495,0.844653700924197
"68",10700,2014,66,79,145,37,129,4263,2206,1806,0.517475956,0.42364532,0.454858718125431,0.544452101998622,0.0340128075813375,0.0365428270859864,0.0358098000997235,0.994833688084005,1.06787106734846,1.04674680820989
"69",10700,2015,84,89,173,37,129,4435,2314,1761,0.521758737,0.397068771,0.48526863084922,0.514153668399769,0.0390070122432414,0.0476974618136392,0.0384598764098354,1.14093748453703,1.39378120813941,1.12427763667812
"70",10700,2016,84,88,174,37,129,4409,2350,1667,0.53300068,0.37809027,0.48248133256749,0.505456634118323,0.0394638361570388,0.0503868994061544,0.0374452150972299,1.15429504193122,1.47223700157045,1.09463702675297
"71",10700,2017,95,131,226,37,129,4511,2485,1674,0.550875637,0.371092884,0.420168067226891,0.579389650597081,0.0500986455631664,0.0567469087868108,0.0527141764918917,1.46537847318123,1.65807960341644,1.54109558432319
"72",10700,2018,102,148,251,37,129,4593,2377,1910,0.517526671,0.415850207,0.40621266427718,0.589406610911987,0.0546471881735647,0.0534003455316476,0.0622607378738799,1.59844058816915,1.56062190310454,1.82009473950662
"73",10800,2010,76,103,181,37,129,2885,1388,665,0.481109185,0.2305026,0.419657647708448,0.568746548868029,0.0627361269973311,0.114268531047963,0.0742021468193934,1.83437563422917,3.33027879777777,2.16734888034938
"74",10800,2011,58,126,185,37,129,2760,1355,649,0.490942029,0.235144928,0.31334413830362,0.680713128038898,0.067026557008804,0.0893544908334617,0.0929820677440779,1.95973896861497,2.6039043562229,2.71575170886568
"75",10800,2012,81,133,216,37,129,2259,1387,540,0.61398849,0.239043825,0.37482646922721,0.615455807496529,0.0956132973307954,0.149972227365303,0.0958834979453536,2.79493095256422,4.36656174688691,2.80062904301381
"76",10800,2013,60,114,174,37,129,2420,1698,275,0.701652893,0.113636364,0.344629523262493,0.654796094198736,0.0718978554605182,0.218102508178844,0.0671338554855427,2.10186507181922,6.31853907461822,1.96162101081563
"77",10800,2014,56,112,168,37,129,2153,1431,330,0.664653971,0.153274501,0.33313503866746,0.66627007733492,0.0780270307928104,0.169645561950924,0.0782614771853819,2.28071568219904,4.92305998773061,2.28605627590243
"78",10800,2015,29,99,132,37,129,2497,1769,304,0.70845014,0.121746095,0.219530658591976,0.749432248296745,0.052861319130191,0.0953633673133838,0.0559606579616754,1.54540572812941,2.76540689591637,1.63525428272073
"79",10800,2016,56,126,188,37,129,2699,1781,414,0.659874027,0.153390144,0.297713981924508,0.669856459330144,0.0696528472453781,0.135233035498672,0.0707427993936331,2.03647999984525,3.93119038372812,2.06723282592546
"80",10800,2017,52,132,185,37,129,2644,1775,425,0.671331316,0.160741301,0.280929227444625,0.713128038897893,0.0699670965545933,0.122324159021407,0.0743620077742099,2.04562336810725,3.55655656436809,2.17298101622114
"81",10800,2018,61,165,233,37,129,2907,1817,558,0.625043,0.191950464,0.261690261690262,0.707850707850708,0.0801486016992879,0.109299408708117,0.0908040283968962,2.34352578326183,3.18287447972835,2.65354160507249
"82",10900,2010,24,69,94,37,129,2163,1990,65,0.920018493,0.030050855,0.255047821466525,0.733262486716259,0.0434561508945495,0.368663594470046,0.0346716245414803,1.27022295481424,10.3410787634434,1.01333634884894
"83",10900,2011,15,104,119,37,129,2252,2001,99,0.888543517,0.043960924,0.125944584382872,0.873215785054576,0.0528395719550642,0.151362260343088,0.0519714157213533,1.54457994478829,4.30723601932428,1.51896358995065
"84",10900,2012,13,65,79,37,129,2197,2040,71,0.928538917,0.032316796,0.164348925410872,0.821744627054362,0.0359564880979473,0.182841068917018,0.0318611832753296,1.05102909668969,5.14679907740206,0.931228864477818
"85",10900,2013,6,53,59,37,129,2352,2137,118,0.908588435,0.050170068,0.101522842639594,0.896785109983079,0.0250839675183878,0.0508044030482642,0.0247999625660942,0.733281077490256,1.45219354924694,0.724891204143745
"86",10900,2014,15,40,55,37,129,2463,2215,156,0.899309785,0.063337393,0.272232304900181,0.725952813067151,0.0223295846697251,0.0960922485586163,0.0180578754909485,0.652797357335892,2.76242152876033,0.52784773338902
"87",10900,2015,11,54,66,37,129,2362,1947,298,0.824301439,0.126164268,0.166414523449319,0.816944024205749,0.0279412387282503,0.03690036900369,0.0277335524626367,0.816812003428245,1.06986177945601,0.810534172001753
"88",10900,2016,24,70,95,37,129,2256,1896,300,0.840425532,0.132978723,0.252365930599369,0.736067297581493,0.0421080625858783,0.0799733422192602,0.036917884077844,1.2308845650361,2.31883260992297,1.07891118124684
"89",10900,2017,27,107,136,37,129,2470,1969,336,0.797165992,0.136032389,0.198383541513593,0.786186627479794,0.0550584996558844,0.080333234156501,0.0543395459854756,1.60962061627787,2.33159819565,1.5881402991866
"90",10900,2018,18,58,76,37,129,2415,2037,223,0.843478261,0.092339545,0.236530880420499,0.76215505913272,0.0314686762452901,0.080681308830121,0.0284718472338128,0.919954444679881,2.33184994151777,0.832164697438009
"91",11000,2010,254,64,321,37,129,2473,1072,1347,0.433481601,0.544682572,0.791030831516661,0.199314855185301,0.129796611540172,0.188553188330488,0.059695923887697,3.79457473173791,5.50705448325027,1.74259698201051
"92",11000,2011,263,58,326,37,129,2450,1167,1177,0.476326531,0.480408163,0.806501073290402,0.177859552284575,0.133055793641076,0.223430464701385,0.049695827264159,3.88981449696293,6.5237387069566,1.45099253773094
"93",11000,2012,219,65,284,37,129,2322,1221,969,0.525839793,0.417312661,0.770855332629356,0.228792678634284,0.12230308772232,0.225982870704778,0.0532306936368848,3.57523781227686,6.59487291270975,1.55436778757248
"94",11000,2013,264,51,316,37,129,2197,1213,860,0.552116523,0.391442877,0.835178740904777,0.161341347674786,0.143825952391789,0.306941053365888,0.0420410518506306,4.20411638675876,8.95418044867211,1.22760492079764
"95",11000,2014,200,79,279,37,129,2574,1193,1285,0.463480963,0.499222999,0.716589036187746,0.28305266929416,0.108387397537003,0.1556299120691,0.0662140642024977,3.16882313396191,4.54500840777066,1.93338510394196
"96",11000,2015,213,69,283,37,129,2460,1182,1158,0.480487805,0.470731707,0.752384316495938,0.243730130695867,0.115035974147392,0.18392194111044,0.058370696218594,3.36303052899665,5.36995493878011,1.70432903857844
"97",11000,2016,194,92,286,37,129,2414,1127,1226,0.466859983,0.507870754,0.678084585809158,0.321565886053827,0.118470651588584,0.158225267107088,0.0816254103451335,3.4633662014457,4.62031504765821,2.38305130591281
"98",11000,2017,224,119,343,37,129,2344,1064,1195,0.453924915,0.509812287,0.652870883124454,0.346837656659866,0.14632481549422,0.187432014057401,0.111831594774927,4.27750429542295,5.47285084817838,3.26443639749038
"99",11000,2018,255,96,351,37,129,2284,1192,977,0.521891419,0.427758319,0.726288806607804,0.27342637425235,0.153671030165054,0.26097635861222,0.0805301568660347,4.49211360538517,7.61627152844302,2.35139617034271
"100",11100,2010,397,75,472,37,129,2993,163,2688,0.054460408,0.898095556,0.840923533149756,0.158864647320483,0.157696034212021,0.147687958037275,0.459840588595953,4.61112271317971,4.3180185306642,13.2294124892463
"101",11100,2011,370,85,458,37,129,3152,166,2726,0.052664975,0.864847716,0.807683911809648,0.185549006767081,0.145299958757654,0.135725028428891,0.511739915713426,4.24885656488936,3.96831114482371,14.727064993074
"102",11100,2012,387,71,458,37,129,2901,286,2400,0.098586694,0.827300931,0.844793713163065,0.154987993887797,0.157871152321533,0.161243281529936,0.248164977280671,4.61610514387173,4.71374736360078,7.19227649067406
"103",11100,2013,398,74,475,37,129,2600,170,2359,0.065384615,0.907307692,0.837718375078931,0.15575668280362,0.182685281335333,0.168708405747955,0.435038212815991,5.34106094488556,4.93188017784329,12.5246399203716
"104",11100,2014,420,91,511,37,129,2519,147,2289,0.058356491,0.908693926,0.821756994717276,0.17804734885541,0.202850224286452,0.183478222882356,0.61862678450034,5.93040430137561,5.36345234173658,17.7647028500848
"105",11100,2015,305,113,419,37,129,2451,157,2218,0.064055488,0.904936761,0.727749940348365,0.269625387735624,0.170943657949492,0.13750507190839,0.71928707829408,4.99744816285318,4.01940226526149,20.6801186537095
"106",11100,2016,360,115,477,37,129,2419,402,1933,0.166184374,0.799090533,0.754558792705932,0.241039614336617,0.197180769707743,0.186229372510475,0.285998507833872,5.7643885223948,5.44263796265441,8.3122228967854
"107",11100,2017,445,175,623,37,129,2512,246,1990,0.097929936,0.792197452,0.714171080083454,0.280853795538437,0.24799968154134,0.223606853926938,0.711093051605039,7.2503433981706,6.53528514837359,20.5760611173512
"108",11100,2018,434,111,546,37,129,2724,344,2036,0.126284875,0.74743025,0.794726240615272,0.203259476286394,0.200433170588451,0.213152595648544,0.32258064516129,5.86023513083279,6.22994156606859,9.36442221801463
"109",11200,2010,169,59,229,37,129,2538,1306,1212,0.514578408,0.477541371,0.737669140113488,0.257529463116543,0.0902249714353256,0.1394274399802,0.045172651404946,2.63778386419951,4.07129402308122,1.31926647855027
"110",11200,2011,219,91,310,37,129,2409,1256,1111,0.521378165,0.461187215,0.706223798774589,0.293453724604966,0.128678759702794,0.19710197101971,0.0724464612690073,3.76178048660498,5.75417858922413,2.11561573741183
"111",11200,2012,248,86,335,37,129,2131,1155,934,0.541999061,0.438291882,0.740077588779469,0.256639809012235,0.157195814368167,0.265496199550369,0.0744524283611809,4.59474239375152,7.74714870633044,2.17376814638187
"112",11200,2013,208,61,269,37,129,2180,1212,945,0.555963303,0.433486239,0.772946859903382,0.226681531029357,0.123388835374524,0.220082530949106,0.0503258807029123,3.60669141032392,6.42220857937192,1.46952032785772
"113",11200,2014,140,72,212,37,129,2160,1153,980,0.533796296,0.453703704,0.66006600660066,0.339462517680339,0.0981436044627564,0.142842567084991,0.0624403781111786,2.86873160012402,4.16872006679321,1.82304772662317
"114",11200,2015,196,84,282,37,129,1983,1233,708,0.621785174,0.357034796,0.694789081885856,0.297766749379653,0.142201603549997,0.276797062561785,0.0681209958640824,4.15605943422558,8.06913637636883,1.9892181438207
"115",11200,2016,211,113,326,37,129,2472,1177,1248,0.476132686,0.504854369,0.647040785035265,0.346519472554431,0.13187168803851,0.169056966589216,0.095998640727211,3.85523734572258,4.93681023484778,2.80297518587869
"116",11200,2017,189,86,277,37,129,2527,1327,1173,0.525128611,0.464186783,0.68206423673764,0.310357271743053,0.109611808001266,0.161111584690137,0.0648029538090573,3.20455472287541,4.70410915830203,1.89263378935936
"117",11200,2018,197,84,284,37,129,2540,1261,1254,0.496456693,0.493700787,0.69341781063006,0.295670538542767,0.111806621786544,0.157084761980703,0.0666085163745936,3.2687398677749,4.58724689493786,1.94515063359399
"118",11300,2010,131,309,449,37,129,1493,1173,213,0.785666443,0.142665774,0.291694500111334,0.688042752171009,0.300716629830554,0.614734866259972,0.263404654334669,8.78479992421747,17.756631857225,7.69084513182712
"119",11300,2011,166,394,562,37,129,1357,1049,236,0.77302874,0.173913043,0.295321117238925,0.700942892723715,0.414118340579176,0.703091910207539,0.375560003812792,12.0953004022929,20.334760835506,10.9624235134609
"120",11300,2012,160,439,607,37,129,1487,1144,217,0.76933423,0.145931406,0.263548015154011,0.723109866578817,0.408176988770089,0.736987563334869,0.383707717856831,11.9239359774121,21.2930400944124,11.2027512845576
"121",11300,2013,140,307,450,37,129,1633,1170,269,0.71647275,0.164727495,0.31104199066874,0.682070650966452,0.275549568305676,0.520252694165738,0.2623707375438,8.05090169340552,15.0685642865834,7.66060978701173
"122",11300,2014,136,268,409,37,129,1533,1125,218,0.733855186,0.142204827,0.33243705695429,0.655096553409924,0.266779727349814,0.623567171022467,0.238201048795663,7.7937894005909,18.017160644458,6.95424125381586
"123",11300,2015,172,301,474,37,129,1671,1251,267,0.748653501,0.15978456,0.362792659776418,0.634887154608732,0.283645502962121,0.64395357543991,0.240588282311566,8.28777126123729,18.6499766382359,7.02570946646823
"124",11300,2016,138,288,430,37,129,1758,1383,209,0.78668942,0.118885097,0.320855614973262,0.669611718205069,0.244582219441442,0.659971305595409,0.208227893861615,7.14698762011956,19.0585145841844,6.082023179477
"125",11300,2017,162,336,504,37,129,1804,1304,259,0.722838137,0.143569845,0.321364808569728,0.666534417774251,0.279363671636827,0.62524121960633,0.257648953301127,8.16367777712089,18.1021820349423,7.52460816339363
"126",11300,2018,119,210,329,37,129,1816,1337,245,0.73623348,0.134911894,0.361592221209359,0.638103919781221,0.181157425251913,0.485516115871073,0.157056315907561,5.29390999853176,14.0481564449395,4.58705658015212
"127",11400,2010,369,324,693,37,129,1362,286,1045,0.209985316,0.767254038,0.532390708411485,0.467465012263743,0.508773217825417,0.353076260644914,1.1324711639287,14.8600321668119,10.3060274072793,32.8210927180055
"128",11400,2011,388,317,707,37,129,1407,272,1125,0.193319119,0.799573561,0.548720124451987,0.448309998585773,0.502451851325421,0.344858234823571,1.16501286291804,14.6763724417148,10.0680806211961,33.7472226646032
"129",11400,2012,223,170,394,37,129,1502,408,1085,0.271637816,0.722370173,0.565846231920832,0.431362598325298,0.26229944744025,0.205511012809879,0.416564567507964,7.66261000190944,5.99930666499566,12.1082203858131
"130",11400,2013,206,119,327,37,129,1633,514,1111,0.314758114,0.680342927,0.629776826658514,0.363803118312443,0.200232686302125,0.18540185401854,0.231472476171951,5.85032189720801,5.41260634420169,6.73773271767052
"131",11400,2014,173,127,300,37,129,1687,396,1241,0.234736218,0.73562537,0.576474508497168,0.423192269243585,0.177819927686563,0.139392474417855,0.320626104519061,5.19576187139146,4.07049432793434,9.3176494849549
"132",11400,2015,135,149,287,37,129,1717,353,1297,0.205591147,0.755387303,0.470219435736677,0.518982932776036,0.167142274765593,0.104078328579138,0.421976777116964,4.88391177720349,3.0395601824592,12.2524076322126
"133",11400,2016,165,74,241,37,129,1681,382,1217,0.227245687,0.723973825,0.684363334715886,0.30692658647864,0.143358515257867,0.135568153808233,0.193666579429469,4.18880082958364,3.95864035206461,5.6266439084206
"134",11400,2017,154,127,282,37,129,1664,372,1184,0.223557692,0.711538462,0.54590570719603,0.450194966323999,0.169460969893636,0.130056583058863,0.341306100510615,4.95140506327079,3.79745520780691,9.91409544784793
"135",11400,2018,250,135,388,37,129,1652,386,1157,0.233656174,0.700363196,0.644163875289874,0.347848492656532,0.234852611827371,0.216057384841414,0.34965034965035,6.86196997865937,6.30819777270447,10.1592526031354
"136",11500,2010,42,49,91,37,129,8118,5660,1826,0.697216063,0.224932249,0.461031833150384,0.537870472008782,0.0112095194688412,0.0229998357154592,0.00865709086411901,0.327968155616519,0.672123134539922,0.253250908949737
"137",11500,2011,24,77,101,37,129,8534,6449,1731,0.75568315,0.202835716,0.237388724035608,0.76162215628091,0.0118348742105201,0.0138640170989544,0.0119396504938674,0.346270662085982,0.405113167887008,0.349298865043463
"138",11500,2012,36,60,96,37,129,8894,6632,1989,0.745671239,0.223633911,0.374609781477627,0.624349635796046,0.0107936722096671,0.0180986375747826,0.00904690821911612,0.315810886548081,0.528962645491001,0.264673825998708
"139",11500,2013,20,55,75,37,129,8893,6673,1875,0.750365456,0.210839987,0.266311584553928,0.732356857523302,0.00843350462718287,0.0106660978081169,0.00824204642519968,0.24675498997234,0.31170747240425,0.241127644822447
"140",11500,2014,28,52,81,37,129,8631,6454,1808,0.747769667,0.209477465,0.345252774352651,0.641183723797781,0.00938466707603897,0.0154858691444057,0.00805689406733704,0.274582299497885,0.452535874092167,0.23570747821903
"141",11500,2015,23,31,54,37,129,8547,6443,1614,0.753831754,0.188838189,0.425138632162662,0.573012939001848,0.00631793239812334,0.0142494269252215,0.00481134857444398,0.184853315499642,0.416325827186884,0.14075771410172
"142",11500,2016,23,46,69,37,129,8450,6281,1748,0.743313609,0.206863905,0.332850940665702,0.665701881331404,0.00816558383924451,0.0131571420399291,0.00732355797551384,0.238911944894047,0.384464038199395,0.214250870465164
"143",11500,2017,26,46,72,37,129,8313,6312,1669,0.759292674,0.200769879,0.360610263522885,0.638002773925104,0.00866102897835946,0.0155772572044815,0.00728759050078421,0.253406481990652,0.455147294780196,0.213199112119474
"144",11500,2018,32,49,81,37,129,8000,6031,1668,0.753875,0.2085,0.394574599260173,0.604192355117139,0.010124873439082,0.0191835021881182,0.00812455439306262,0.296232057755005,0.560516537720488,0.237679608528464
"145",11603,2010,31,38,69,37,129,6377,4964,965,0.778422456,0.151325074,0.44862518089725,0.549927641099855,0.0108199651879381,0.0321210237281111,0.00765496263169557,0.316540493905271,0.937378638974567,0.223919397764537
"146",11603,2011,11,29,40,37,129,6827,5181,1054,0.758898491,0.154386993,0.27431421446384,0.723192019950125,0.00585900309062413,0.0104354425576321,0.0055972669896354,0.171411447779282,0.304609644072347,0.16373254710723
"147",11603,2012,16,9,27,37,129,6893,5237,1326,0.759756274,0.19236907,0.590405904059041,0.33210332103321,0.00391696043869957,0.0120654550938843,0.00171850833476542,0.114595351810573,0.352382878411236,0.0502704959551372
"148",11603,2013,18,72,90,37,129,6662,5086,1273,0.763434404,0.191083759,0.199778024417314,0.799112097669256,0.0135092538388796,0.0141387165187338,0.0141562297241501,0.395223724302598,0.412897849657099,0.414097084636562
"149",11603,2014,9,8,17,37,129,7203,5511,1422,0.765097876,0.197417743,0.526315789473684,0.467836257309941,0.00236009495911483,0.00632866886998101,0.00145161582987062,0.0690486125259855,0.184861226859154,0.0424643881827625
"150",11603,2015,6,11,17,37,129,7664,5772,1560,0.753131524,0.203549061,0.350877192982456,0.64327485380117,0.0022181338970003,0.00384590731363374,0.00190571888913913,0.0648968303157868,0.11235916134798,0.0557496419027199
"151",11603,2016,1,5,6,37,129,7499,5601,1517,0.746899587,0.202293639,0.163934426229508,0.819672131147541,0.000800096011521383,0.000659152330103487,0.00089268179464748,0.0234085390164288,0.0192563159878855,0.0261140018883244
"152",11603,2017,5,11,16,37,129,7708,5723,1627,0.74247535,0.211079398,0.31055900621118,0.683229813664596,0.00207573850884135,0.0030729518775736,0.00192203526061051,0.0607308393273187,0.0897837582770322,0.0562267231752427
"153",11603,2018,9,4,13,37,129,7781,5952,1493,0.764940239,0.191877651,0.687022900763359,0.305343511450382,0.00167071493747671,0.00602772754671489,0.000672031719897179,0.048881045934322,0.176087303603468,0.0196598158105517
"154",11605,2010,86,98,184,37,129,5228,4046,893,0.773909717,0.170811018,0.46713742531233,0.532319391634981,0.0351944300988887,0.0962938080842011,0.0242208546501569,1.02952064709844,2.80945316239394,0.708405673071967
"155",11605,2011,91,147,241,37,129,4916,3292,1312,0.669650122,0.266883645,0.377436748237246,0.609705516383243,0.0490225992148248,0.0693544699336941,0.044652349564108,1.43397824693077,2.02551606070496,1.3057722762802
"156",11605,2012,79,155,236,37,129,4981,3407,1209,0.683999197,0.242722345,0.334603981363829,0.656501482422702,0.047379092971432,0.065337854602597,0.0454932347157407,1.38591382899665,1.9078603270534,1.33040087435309
"157",11605,2013,94,164,260,37,129,5130,3493,1158,0.680896686,0.225730994,0.361399461745482,0.630526720492118,0.0506812732695269,0.0811674294102409,0.0469497008387965,1.48253227759936,2.36983926875742,1.37302168779702
"158",11605,2014,63,111,174,37,129,5060,3743,822,0.73972332,0.162450593,0.361860999425617,0.637564618035612,0.0343866722001541,0.0766330130154482,0.0296545643984932,1.00587376326276,2.23522377626778,0.867280480849563
"159",11605,2015,90,162,255,37,129,5044,3962,797,0.785487708,0.158009516,0.352802822422579,0.635045080360643,0.0505541127257588,0.11290929619872,0.0408874081926251,1.47879868281225,3.29297272790724,1.19584728185203
"160",11605,2016,88,115,207,37,129,5382,4139,881,0.769044965,0.163693794,0.424915499758571,0.55528730082086,0.0384608238419948,0.0998751560549313,0.0277838177381556,1.12508781692281,2.91381680219848,0.812627099495037
"161",11605,2017,121,133,257,37,129,5115,3904,926,0.763245357,0.181036168,0.470633994554648,0.517308440295605,0.0502433970010361,0.130655436777886,0.0340667503393868,1.46972111568259,3.8124113236051,0.996350737419578
"162",11605,2018,65,103,169,37,129,5603,4176,1346,0.74531501,0.240228449,0.384387936132466,0.609107037256062,0.0301618746765184,0.048287645791546,0.024664160340988,0.882338363794628,1.41033034188314,0.721387048526749
"163",11606,2010,11,15,26,37,129,4020,3335,470,0.82960199,0.116915423,0.421455938697318,0.574712643678161,0.0064675008084376,0.0233992767496277,0.00449761626338041,0.189159038432849,0.680760932072365,0.131525611674683
"164",11606,2011,8,24,33,37,129,4047,3341,549,0.82554979,0.135656042,0.241691842900302,0.725075528700906,0.00815398680536681,0.0145692952103442,0.00718326299721649,0.238485866456123,0.424232925001402,0.210063384928081
"165",11606,2012,7,28,35,37,129,4201,3559,463,0.847179243,0.110211854,0.199430199430199,0.797720797720798,0.00833115136511866,0.0151155258043619,0.00786715742743952,0.243673768082081,0.439719993242365,0.2300747299485
"166",11606,2013,8,14,22,37,129,4285,3582,600,0.835939323,0.140023337,0.361990950226244,0.633484162895928,0.00513406921658771,0.0133311114814198,0.00390832193406103,0.150165856723556,0.38834817333787,0.114299313815074
"167",11606,2014,4,18,23,37,129,4498,3843,509,0.854379724,0.113161405,0.173160173160173,0.779220779220779,0.00511327004735333,0.00785700255352583,0.00468371887278499,0.149562172974839,0.228690430074361,0.136983220094775
"168",11606,2015,13,33,46,37,129,4786,4016,629,0.839114083,0.13142499,0.281995661605206,0.715835140997831,0.00961116566724473,0.0206644412652996,0.00821692686935086,0.281135386233333,0.602105295878705,0.240325427660617
"169",11606,2016,2,13,15,37,129,4809,4084,595,0.849241006,0.123726346,0.132450331125828,0.860927152317881,0.00311908673140504,0.00336077970089061,0.00318307583066037,0.0912363972089671,0.0978989072635589,0.0930984334280647
"170",11606,2017,7,12,19,37,129,5044,4180,671,0.828707375,0.133029342,0.366492146596859,0.628272251308901,0.00376677702662517,0.0104306362688124,0.00287074471902586,0.110184999895815,0.30400531918458,0.0839647233804014
"171",11606,2018,9,11,20,37,129,5114,4278,628,0.83652718,0.122800156,0.447761194029851,0.54726368159204,0.00391075653585186,0.0143289285145677,0.002571234893995,0.114397536419504,0.417502810130334,0.0752057009576994
"172",11607,2010,0,3,3,37,129,10451,8353,882,0.79925366,0.084393838,0,0.967741935483871,0.00028705112380515,0,0.000359148100705127,0.00839919533024269,0,0.0105080591564011
"173",11607,2011,0,6,6,37,129,10451,8518,924,0.815041623,0.088412592,0,0.983606557377049,0.000574102247610299,0,0.000704382432702128,0.0167983906604854,0,0.020609160291072
"174",11607,2012,1,43,44,37,129,10824,9515,891,0.879065041,0.082317073,0.0226757369614512,0.975056689342404,0.00406500309494554,0.00112220850634048,0.00451913274689704,0.118944223992189,0.0327411489190734,0.13222755769514
"175",11607,2013,0,4,4,37,129,10985,9677,986,0.880928539,0.089758762,0,0.975609756097561,0.000364129593722406,0,0.000413346973783468,0.0106546727473114,0,0.0120943852796386
"176",11607,2014,0,3,3,37,129,10857,9319,1073,0.858340241,0.098830248,0,0.967741935483871,0.000276316880198211,0,0.000321919498664034,0.00808519014762233,0,0.00941914424191433
"177",11607,2015,0,6,6,37,129,10860,9222,1194,0.849171271,0.109944751,0,0.983606557377049,0.000552481100542352,0,0.000650611032194403,0.0161659145429025,0,0.0190363728717878
"178",11607,2016,0,1,1,37,129,11571,9543,1385,0.824734249,0.119695791,0,0.909090909090909,8.64222070503236e-05,0,0.000104787752407499,0.00252880388520606,0,0.00306603975306658
"179",11607,2017,2,5,7,37,129,11629,9349,1629,0.80393843,0.140080832,0.28169014084507,0.704225352112676,0.000601938241136459,0.00122767172058192,0.000534810837406809,0.0176133619938359,0.0358694896909737,0.0156482143591244
"180",11607,2018,0,2,2,37,129,12732,10186,1434,0.800031417,0.112629595,0,0.952380952380952,0.000157083277699672,0,0.000196346000922826,0.0045965228576479,0,0.00574509791401414
"181",11608,2010,1,0,1,37,129,5308,3934,1195,0.741145441,0.225131876,0.909090909090909,0,0.00018839132646333,0.000836750062756255,0,0.00551093850548643,0.0244323698579392,0
"182",11608,2011,0,5,5,37,129,5272,4142,973,0.785660091,0.184559939,0,0.980392156862745,0.000948388687619734,0,0.00120711716279182,0.0277427461185064,0,0.0353060408356464
"183",11608,2012,1,0,1,37,129,5457,4263,1015,0.781198461,0.185999633,0.909090909090909,0,0.000183247512415019,0.00098512461826421,0,0.00536054640967237,0.0287527458337594,0
"184",11608,2013,0,0,0,37,129,5674,4607,871,0.811949242,0.153507226,0,0,0,0,0,0,0,0
"185",11608,2014,0,0,0,37,129,5766,4958,633,0.859868193,0.109781478,0,0,0,0,0,0,0,0
"186",11608,2015,0,0,0,37,129,6467,5381,813,0.832070512,0.125715169,0,0,0,0,0,0,0,0
"187",11608,2016,1,0,1,37,129,5993,4789,967,0.799098949,0.161354914,0.909090909090909,0,0.000166858554003771,0.00103401923275773,0,0.00488134561849084,0.0301756694737983,0
"188",11608,2017,0,0,0,37,129,6101,5002,765,0.819865596,0.12538928,0,0,0,0,0,0,0,0
"189",11608,2018,0,0,0,37,129,6144,4906,1003,0.798502604,0.163248698,0,0,0,0,0,0,0,0
"190",11701,2010,16,91,107,37,129,4056,3749,139,0.924309665,0.034270217,0.149393090569561,0.849673202614379,0.0263800202164641,0.115025161754134,0.0242724920647622,0.771557751110851,3.29952478784706,0.709876689810208
"191",11701,2011,14,91,105,37,129,4345,3998,141,0.92013809,0.032451093,0.133206470028544,0.865842055185538,0.0241651515500219,0.0992204110559887,0.0227608113854081,0.706810439576493,2.84696540945838,0.665697102490981
"192",11701,2012,18,73,91,37,129,4710,4469,118,0.948832272,0.025053079,0.197585071350165,0.801317233809001,0.0193201842848347,0.152413209144793,0.0163343849992168,0.565127678189372,4.35658064774081,0.477775696529555
"193",11701,2013,15,57,72,37,129,4775,4520,125,0.946596859,0.02617801,0.208044382801664,0.790568654646325,0.0150782182572093,0.119904076738609,0.0126103404791929,0.441051074975397,3.43182820975855,0.368851179741552
"194",11701,2014,15,69,84,37,129,4840,4589,89,0.948140496,0.01838843,0.178359096313912,0.820451843043995,0.0173550133261709,0.168350168350168,0.0150356279008956,0.507653356087901,4.77578655343296,0.439794723643242
"195",11701,2015,9,70,79,37,129,4995,4823,0,0.965565566,0,0.11378002528445,0.884955752212389,0.0158154991892054,90,0.0145134871762974,0.462629242315472,90,0.424534696505319
"196",11701,2016,25,77,102,37,129,5065,4956,0,0.978479763,0,0.244857982370225,0.754162585700294,0.0201378057688891,250,0.0155364096769637,0.589068390191188,250,0.45446339449369
"197",11701,2017,29,78,108,37,129,4850,4650,92,0.958762887,0.018969072,0.268270120259019,0.721554116558742,0.022267582111709,0.314875135722041,0.0167738328207996,0.651352216385385,8.94138821949186,0.490641481183327
"198",11701,2018,16,69,85,37,129,4811,4618,38,0.9598836,0.007898566,0.188014101057579,0.810810810810811,0.0176674772920954,0.41994750656168,0.0149412095883588,0.516791454793342,11.4421562166653,0.43703466110927
"199",11703,2010,0,32,33,37,129,3582,3408,111,0.951423786,0.030988275,0,0.966767371601208,0.0092124731302867,0,0.00938939585106071,0.26941981113553,0,0.274582881750723
"200",11703,2011,7,32,39,37,129,3729,3620,27,0.970769643,0.007240547,0.179028132992327,0.818414322250639,0.0104582875224585,0.25830258302583,0.00883953481948013,0.305863300249562,6.84594433483834,0.258515328129687
"201",11703,2012,2,21,23,37,129,3743,3686,29,0.984771574,0.007747796,0.0865800865800866,0.909090909090909,0.00614463946995806,0.0687285223367698,0.00569707821274518,0.179706766302162,1.83345487727747,0.166615398838566
"202",11703,2013,0,28,28,37,129,3972,3886,18,0.978348439,0.004531722,0,0.99644128113879,0.00704916794642632,0,0.00720516713414477,0.206169670108936,0,0.210728920630761
"203",11703,2014,2,14,16,37,129,3984,3875,27,0.972640562,0.006777108,0.124223602484472,0.869565217391304,0.00401596345473256,0.0738007380073801,0.00361280999200021,0.117456647428652,1.9559840956681,0.105663333687038
"204",11703,2015,5,15,20,37,129,4041,3903,15,0.965850037,0.003711952,0.248756218905473,0.746268656716418,0.00494914750934152,0.33112582781457,0.00384309907509416,0.144751339064509,8.16324160088904,0.112399153117984
"205",11703,2016,0,10,10,37,129,4132,3954,17,0.956921588,0.00411423,0,0.99009900990099,0.00242007695844728,0,0.00252902051035634,0.0707828515174361,0,0.0739669760024411
"206",11703,2017,1,18,19,37,129,4252,4078,18,0.959078081,0.004233302,0.0523560209424084,0.942408376963351,0.00446838032971943,0.0552486187845304,0.00441382016134965,0.130694523003365,1.39859722361039,0.129095047101443
"207",11703,2018,4,14,18,37,129,4298,4157,25,0.967194044,0.005816659,0.220994475138122,0.773480662983425,0.00418789697773435,0.159362549800797,0.00336773231339155,0.122491607527414,4.19212671392524,0.098500452849121
"208",11705,2010,0,5,5,37,129,8227,7770,40,0.944451197,0.00486204,0,0.980392156862745,0.000607747565970998,0,0.000643492361745666,0.0177815621879493,0,0.0188270080166574
"209",11705,2011,1,6,7,37,129,8153,7833,5,0.960750644,0.000613271,0.140845070422535,0.845070422535211,0.000858569133213134,0.196078431372549,0.000765980263241884,0.0251200559169735,3.69229960951866,0.0224107691020367
"210",11705,2012,0,9,9,37,129,8220,7899,96,0.960948905,0.011678832,0,0.989010989010989,0.00109487719127505,0,0.00113937030800977,0.0320340586460196,0,0.0333353783191534
"211",11705,2013,2,1,3,37,129,8271,7990,28,0.966025874,0.003385322,0.645161290322581,0.32258064516129,0.000362708708636094,0.0711743772241993,0.000125154879162964,0.0106122008619857,1.89273853237026,0.00366176142602469
"212",11705,2014,1,2,3,37,129,8036,7681,118,0.955823793,0.014683922,0.32258064516129,0.645161290322581,0.000373315414193452,0.00846740050804403,0.000260379372746091,0.010922424758618,0.242032258207823,0.00761802963413572
"213",11705,2015,1,0,1,37,129,7915,7543,115,0.953000632,0.014529375,0.909090909090909,0,0.0001263407916514,0.00868809730668984,0,0.00369644627639347,0.248189439246868,0
"214",11705,2016,0,1,1,37,129,8158,7678,230,0.94116205,0.028193185,0,0.909090909090909,0.000122577560951692,0,0.000130240554303799,0.00358638078198661,0,0.00381050253394374
"215",11705,2017,0,2,2,37,129,8728,8330,193,0.954399633,0.022112741,0,0.952380952380952,0.000229144945635362,0,0.000240093156144584,0.00670448664011112,0,0.00702470854301378
"216",11705,2018,0,5,5,37,129,9112,8592,258,0.942932397,0.028314311,0,0.980392156862745,0.000548720931508653,0,0.000581929912361355,0.0160550883666411,0,0.0170264341530985
"217",11800,2010,0,1,1,37,129,2587,2587,0,1,0,0,0.909090909090909,0.000386533183873836,0,0.000386533183873836,0.0113007791924049,0,0.0113007791924049
"218",11800,2011,0,7,7,37,129,2519,2508,8,0.995633188,0.003175863,0,0.985915492957746,0.00277877019570482,0,0.00279095729835334,0.0812384150873372,0,0.0815943086001068
"219",11800,2012,0,1,1,37,129,2504,2482,16,0.991214058,0.006389776,0,0.909090909090909,0.000399345074078511,0,0.000402884654123524,0.0116749283960511,0,0.0117782909670282
"220",11800,2013,0,3,3,37,129,2511,2490,2,0.991636798,0.000796495,0,0.967741935483871,0.00119469555175023,0,0.00120477089273523,0.0349272590810076,0,0.0352214804897864
"221",11800,2014,0,3,3,37,129,2525,2498,1,0.989306931,0.00039604,0,0.967741935483871,0.00118807175953428,0,0.00120091269364717,0.034733827204959,0,0.035108813520979
"222",11800,2015,0,3,3,37,129,2540,2507,0,0.987007874,0,0,0.967741935483871,0.00118105586394236,0,0.00119660165131028,0.0345289422652278,0,0.0349829216745383
"223",11800,2016,0,0,0,37,129,2546,2508,0,0.985074627,0,0,0,0,0,0,0,0,0
"224",11800,2017,0,0,0,37,129,2545,2490,0,0.978388998,0,0,0,0,0,0,0,0,0
"225",11800,2018,0,1,1,37,129,2536,2483,4,0.979100946,0.001577287,0,0.909090909090909,0.000394306218209061,0,0.000402722403447304,0.0115277805122045,0,0.0117735529792175
"226",11902,2010,59,155,216,37,129,5154,4924,204,0.955374466,0.039580908,0.27302174919019,0.717260527533549,0.0419083836169263,0.289073983341499,0.0314778335127231,1.22591021763963,8.34509167419327,0.92077065241326
"227",11902,2011,37,171,209,37,129,5486,5046,377,0.919795844,0.068720379,0.176948828311813,0.817790530846485,0.0380962796886677,0.098117210289048,0.0338875567269773,1.11443496024018,2.85034647857522,0.9912721769698
"228",11902,2012,36,163,200,37,129,5923,5383,504,0.908829985,0.085092014,0.179910044977511,0.814592703648176,0.0337661022099914,0.071414401904384,0.0302799502145604,0.987801300983666,2.07851476808754,0.885774224327602
"229",11902,2013,42,132,176,37,129,6092,5501,526,0.902987525,0.086342745,0.238500851788756,0.749574105621806,0.0288898737709493,0.0798327314198821,0.023995200959808,0.845162179589379,2.32407203055343,0.70193542776469
"230",11902,2014,36,125,162,37,129,6136,5595,482,0.911831812,0.078552803,0.222085132634176,0.771128932757557,0.0264011342709539,0.074673304293715,0.022340976926239,0.772357628472693,2.1728121405896,0.653549788453365
"231",11902,2015,68,155,231,37,129,6328,5752,477,0.90897598,0.075379267,0.294244915620943,0.670705322371268,0.0365038479164362,0.142527771955565,0.0269466803428313,1.06792454548167,4.14695931971737,0.788293190203586
"232",11902,2016,29,101,133,37,129,6159,5634,422,0.914758889,0.068517616,0.217881292261458,0.758827948910594,0.0215940640678021,0.0687040985548448,0.0179265543742568,0.631729251504982,1.99746757309123,0.524414702672935
"233",11902,2017,22,109,131,37,129,6001,5677,236,0.946008999,0.039326779,0.167810831426392,0.831426392067124,0.0218293312892636,0.0931808555696739,0.019199943633193,0.638604225295783,2.69496830350079,0.561667946135719
"234",11902,2018,21,81,102,37,129,5931,5468,342,0.921935593,0.057663126,0.205680705190989,0.79333986287953,0.0171974844463927,0.0613855597778427,0.0148131892247764,0.503099479306975,1.78192004564049,0.433331235834962
"235",11903,2010,93,187,281,37,129,6849,5922,284,0.864651774,0.041465907,0.330843116328709,0.665243685521167,0.0410272882568513,0.327349524815206,0.0315766366660475,1.20029911560072,9.48653660682927,0.923750099225477
"236",11903,2011,86,196,283,37,129,7210,6197,279,0.859500693,0.038696255,0.303779583186153,0.692334864005652,0.0392504958322353,0.308133285560731,0.0316276968259347,1.14834079023349,8.92807730447102,0.925263414293873
"237",11903,2012,42,159,202,37,129,7641,7048,289,0.922392357,0.037822275,0.20781791192479,0.78673923800099,0.0264359843478033,0.145278450363196,0.0225592712929726,0.773447305759776,4.21086363441853,0.660004351972685
"238",11903,2013,66,142,211,37,129,8041,7293,432,0.906976744,0.053724661,0.312648034107058,0.672666982472762,0.0262401910186417,0.152742420735941,0.0194704583784673,0.767733031702809,4.44143825627648,0.56964430157719
"239",11903,2014,50,166,217,37,129,8637,7629,618,0.88329281,0.071552622,0.230308613542146,0.764624596959926,0.0251241736230911,0.0808930593755056,0.0217587919938132,0.735098526092454,2.35681486178798,0.636604600510428
"240",11903,2015,51,144,196,37,129,8864,7601,980,0.857513538,0.110559567,0.260071392146864,0.734319224885263,0.0221116639027087,0.0520355065809611,0.0189446264356475,0.64696208438967,1.51860516718895,0.554268816587326
"241",11903,2016,43,157,202,37,129,9092,7857,1025,0.8641663,0.112736472,0.212765957446809,0.776843146956952,0.0222170895612675,0.0419471271095503,0.0199819271741482,0.650051915892619,1.22434028786297,0.584624527631337
"242",11903,2017,38,167,205,37,129,8753,7547,962,0.862218668,0.109905175,0.185275475377864,0.814236957581667,0.0234202739600827,0.0394969337906663,0.0221277046812683,0.685247752858359,1.15261721412282,0.647395402898458
"243",11903,2018,38,136,174,37,129,9015,7722,957,0.856572379,0.106156406,0.218265364732912,0.781160252728317,0.0193009506272809,0.0397032702956849,0.017611789539115,0.564726832986771,1.15862088644021,0.515276595338063
"244",11904,2010,4,58,63,37,129,1836,1788,17,0.973856209,0.009259259,0.063391442155309,0.919175911251981,0.0343118566526878,0.233918128654971,0.0324366646160729,1.00270223947733,5.87513560385641,0.947864014378805
"245",11904,2011,10,41,55,37,129,1712,1635,14,0.955023364,0.00817757,0.181488203266788,0.744101633393829,0.0321242918053852,0.709219858156028,0.0250749189652009,0.938670089569138,17.2910166498512,0.732630921843677
"246",11904,2012,6,34,40,37,129,1645,1488,116,0.904559271,0.070516717,0.149625935162095,0.84788029925187,0.0243146313294025,0.0516795865633075,0.022847926886634,0.710424535066476,1.47661518198051,0.667449592355118
"247",11904,2013,1,30,31,37,129,1636,1492,96,0.91198044,0.058679707,0.0321543408360129,0.964630225080386,0.0189474970967545,0.0104058272632674,0.0201058910260706,0.553602463359101,0.295856991767812,0.587350311729675
"248",11904,2014,4,25,30,37,129,1732,1597,90,0.922055427,0.051963048,0.132890365448505,0.830564784053156,0.0173200161653484,0.0443951165371809,0.015653371736272,0.506099579270898,1.25983828510836,0.457336403728856
"249",11904,2015,3,22,27,37,129,1898,1728,109,0.910432034,0.057428872,0.11070110701107,0.811808118081181,0.0142247510668563,0.0274977085242896,0.0127307447485678,0.415713615038398,0.784481985813527,0.371997358438574
"250",11904,2016,1,26,27,37,129,2253,2102,113,0.932978251,0.050155348,0.03690036900369,0.959409594095941,0.0119834894145844,0.00884173297966401,0.0123685837971552,0.350295565087289,0.252471268786412,0.361519916930031
"251",11904,2017,2,63,65,37,129,2442,2268,108,0.928746929,0.044226044,0.0307219662058372,0.967741935483871,0.0266164366733549,0.0185013876040703,0.0277765530620343,0.778114259740387,0.527702702410365,0.811957489884812
"252",11904,2018,6,24,30,37,129,2834,2691,77,0.949541284,0.027170078,0.199335548172757,0.79734219269103,0.0105853710172542,0.0778210116731518,0.00891828620266805,0.309505951053391,2.19712417680815,0.260748206518121
"253",12001,2010,19,121,141,37,129,6252,5571,294,0.891074856,0.047024952,0.134656272147413,0.857547838412474,0.0225524223860783,0.064603876232574,0.0217192295955915,0.659770300351823,1.87283732976147,0.635360175852329
"254",12001,2011,12,139,152,37,129,6238,5731,192,0.91872395,0.030779096,0.0788954635108481,0.913872452333991,0.02436639361344,0.062467464862051,0.0242536336828881,0.712837239924102,1.80179564253593,0.709510025546471
"255",12001,2012,7,72,79,37,129,6419,5744,262,0.894843434,0.040816327,0.088495575221239,0.910240202275601,0.0123070212335063,0.0267073636016787,0.0125346007207395,0.360045693855096,0.773335589195962,0.366684634423212
"256",12001,2013,6,117,123,37,129,6304,5522,373,0.875951777,0.059168782,0.0487408610885459,0.950446791226645,0.0195111118161197,0.0160814794961136,0.0211875916770794,0.570798997585375,0.467136521568106,0.619805197727551
"257",12001,2014,10,85,95,37,129,6456,5833,406,0.90350062,0.062887237,0.10515247108307,0.893796004206099,0.0147147658803302,0.0246244767298695,0.0145720114518866,0.430486090500762,0.715731757846209,0.426289828715845
"258",12001,2015,22,89,111,37,129,6819,6176,368,0.905704649,0.053966857,0.198019801980198,0.801080108010801,0.0162778079218665,0.0597663678348275,0.0144103884328298,0.476224576875352,1.73592248169972,0.42157304735984
"259",12001,2016,15,71,86,37,129,6776,5918,471,0.873376623,0.069510035,0.174216027874564,0.824622531939605,0.0126916662977229,0.0318403735937168,0.0119970936618171,0.371307214606334,0.926351598824157,0.350965589020304
"260",12001,2017,15,67,84,37,129,7105,6291,496,0.885432794,0.069809993,0.178359096313912,0.79667063020214,0.0118224937017072,0.0302358395484781,0.0106499658247365,0.345885391841618,0.879934390761697,0.311565237497208
"261",12001,2018,18,41,60,37,129,7406,6557,261,0.885363219,0.035241696,0.299500831946755,0.682196339434276,0.00810142990237777,0.0689391037916507,0.00625276417928657,0.237023729523927,1.99611180745379,0.182928235098855
"262",12004,2010,0,4,4,37,129,3860,3636,39,0.941968912,0.010103627,0,0.975609756097561,0.00103624258438901,0,0.00110007975578229,0.0303067518260629,0,0.0321723327367274
"263",12004,2011,1,16,17,37,129,4016,3756,42,0.935258964,0.010458167,0.0584795321637427,0.935672514619883,0.00423296232663529,0.0237529691211401,0.00425973749367695,0.123804008188803,0.651463684422528,0.124581052053286
"264",12004,2012,1,12,13,37,129,3858,3668,18,0.950751685,0.00466563,0.0763358778625954,0.916030534351145,0.00336953422669189,0.0552486187845304,0.00327144843379406,0.0985479658694977,1.39859722361039,0.0956756455777499
"265",12004,2013,4,13,17,37,129,3750,3437,58,0.916533333,0.015466667,0.233918128654971,0.760233918128655,0.00453321244766806,0.0688468158347676,0.00378225829914754,0.132578990426806,1.92153088143775,0.110608889200938
"266",12004,2014,2,9,11,37,129,3705,3460,39,0.933873144,0.010526316,0.18018018018018,0.810810810810811,0.00296888073196405,0.051150895140665,0.00260108089361579,0.0868275232727085,1.39615605133137,0.0760667879296869
"267",12004,2015,0,7,7,37,129,3790,3566,32,0.940897098,0.008443272,0,0.985915492957746,0.00184691696789003,0,0.00196292868960489,0.0540156316010441,0,0.0574058668431466
"268",12004,2016,0,7,7,37,129,3633,3363,81,0.925681255,0.022295623,0,0.985915492957746,0.00192672923949244,0,0.00208141298207011,0.0563480366749829,0,0.0608680309350675
"269",12004,2017,1,8,9,37,129,3587,3414,83,0.951770282,0.023139113,0.10989010989011,0.879120879120879,0.00250899054946893,0.0120336943441637,0.00234322368999151,0.0733757909946955,0.340617648950122,0.0685251810335817
"270",12004,2018,0,7,7,37,129,3740,3561,45,0.952139037,0.012032086,0,0.985915492957746,0.00187160771102377,0,0.00196568476032687,0.0547372010333564,0,0.0574864042247439
"271",12006,2010,10,45,56,37,129,3789,3478,258,0.917920296,0.068091845,0.17825311942959,0.802139037433155,0.0147792351745797,0.0387446726075165,0.0129380983870504,0.432239012036319,1.12170114237424,0.378367218924492
"272",12006,2011,10,63,73,37,129,3601,3211,336,0.891696751,0.093307415,0.136798905608755,0.861833105335157,0.0202715836827636,0.029753049687593,0.0196194450499829,0.592847207523772,0.863554887277778,0.573720605208877
"273",12006,2012,3,52,55,37,129,3578,3205,324,0.895751817,0.090553382,0.0544464609800363,0.943738656987296,0.0153712864369358,0.00925640234495526,0.0162241427724564,0.449534601575282,0.268575620564293,0.47443287312873
"274",12006,2013,19,57,76,37,129,3720,3396,280,0.912903226,0.075268817,0.249671484888305,0.749014454664915,0.0204295583452058,0.0678329168154231,0.0167839580695504,0.597482204789328,1.965510490613,0.49082754113258
"275",12006,2014,3,49,52,37,129,3949,3412,429,0.864016207,0.108635097,0.0575815738963532,0.940499040307102,0.0131675571649237,0.00699137730132836,0.0143606576595059,0.385114909066024,0.20328576378413,0.41996254684869
"276",12006,2015,10,37,48,37,129,4002,3499,272,0.874312844,0.067966017,0.207900207900208,0.769230769230769,0.0119937033057645,0.0367511944138184,0.010574147637964,0.350786228213859,1.06458115661209,0.309236350987922
"277",12006,2016,23,46,70,37,129,4184,3652,245,0.872848948,0.058556405,0.328102710413695,0.65620542082739,0.0167300016730002,0.0938392492860057,0.0125954930040251,0.489326292534341,2.71518990112276,0.368362174556873
"278",12006,2017,19,43,63,37,129,4387,3792,279,0.864372008,0.063596991,0.301109350237718,0.681458003169572,0.014360283558615,0.0680759584378359,0.0113393634134121,0.420028878779981,1.97248219517383,0.331635437941595
"279",12006,2018,7,45,52,37,129,4536,3831,299,0.84457672,0.065917108,0.134357005758157,0.863723608445297,0.0114635920724852,0.023403543965229,0.0117459737412231,0.335309644378799,0.678566211356237,0.343529926878494
"280",12007,2010,13,23,37,37,129,3611,3523,24,0.975630019,0.006646358,0.350404312668464,0.619946091644205,0.0102461853728781,0.539419087136929,0.00652834151741364,0.299652739297863,14.1303910732922,0.190919559594465
"281",12007,2011,14,46,60,37,129,3588,3456,67,0.963210702,0.018673356,0.232945091514143,0.765391014975042,0.0167219419748613,0.208643815201192,0.0133098000636556,0.489035715539967,5.85976426087369,0.38923540778466
"282",12007,2012,5,32,38,37,129,3777,3480,80,0.921366164,0.021180831,0.131233595800525,0.83989501312336,0.0100606285245294,0.0624219725343321,0.00919513807074509,0.294236189032214,1.76469997409272,0.268906630565205
"283",12007,2013,20,23,43,37,129,3714,3472,69,0.934841142,0.018578352,0.464037122969838,0.533642691415313,0.0115775019520207,0.289435600578871,0.00662423317300769,0.338594833544017,8.13832488885731,0.193721603506805
"284",12007,2014,16,40,57,37,129,4132,3878,75,0.938528558,0.018151016,0.280210157618214,0.700525394045534,0.0137944386631495,0.213049267643142,0.0103143291818158,0.403462253649386,6.00936959906876,0.301661870696798
"285",12007,2015,5,33,38,37,129,4260,4048,62,0.950234742,0.014553991,0.131233595800525,0.866141732283465,0.00891997840426281,0.0805152979066023,0.00815197253032287,0.260898511578908,2.25393693300638,0.238426994529498
"286",12007,2016,12,28,40,37,129,4096,3870,94,0.944824219,0.022949219,0.29925187032419,0.698254364089775,0.00976538658724152,0.127523910733262,0.00723495516911708,0.2856180888207,3.62354089930337,0.211599492910478
"287",12007,2017,6,34,40,37,129,4154,4010,144,0.965334617,0.034665383,0.149625935162095,0.84788029925187,0.00962904118822368,0.0416377515614157,0.00847859155632029,0.281632969555323,1.195215058125,0.247978231974658
"288",12007,2018,12,42,55,37,129,4413,4116,297,0.932698844,0.067301156,0.217785843920145,0.762250453720508,0.012462894563912,0.0403904409289801,0.0102038337260999,0.364532877658365,1.17101329693839,0.298442793594043
"289",12008,2010,1,28,29,37,129,5549,4240,567,0.76410164,0.102180573,0.0343642611683849,0.962199312714777,0.0052260726964733,0.00176335743255158,0.00660361783920191,0.152879814479693,0.0513542969480291,0.193147180222868
"290",12008,2011,5,25,31,37,129,5578,4345,525,0.77895303,0.094119756,0.160771704180064,0.803858520900322,0.00555744787651709,0.00952199581032184,0.00575360751190997,0.162574058706179,0.277199320509603,0.168288199899165
"291",12008,2012,18,27,45,37,129,5689,4194,670,0.737212164,0.117771137,0.399113082039911,0.598669623059867,0.00790986271993813,0.026861662438442,0.00643761474452207,0.2313923986873,0.782889647089479,0.188290431059602
"292",12008,2013,5,29,34,37,129,5653,4354,591,0.770210508,0.104546259,0.146627565982405,0.850439882697947,0.00601439917921141,0.00845880561664693,0.00666038905858846,0.175942604894458,0.246395600985661,0.19481106232666
"293",12008,2014,4,23,27,37,129,5266,4239,584,0.804975313,0.110900114,0.14760147601476,0.848708487084871,0.00512713393213194,0.00684814244136278,0.00542567997924088,0.149981426394026,0.199467396304045,0.158694014341354
"294",12008,2015,11,24,35,37,129,5544,4577,592,0.825577201,0.106782107,0.313390313390313,0.683760683760684,0.00631301744196533,0.0185779429150481,0.00524349478927705,0.184676438352265,0.541159167544464,0.153372884397
"295",12008,2016,5,27,32,37,129,5514,4522,780,0.820094305,0.141458107,0.155763239875389,0.841121495327103,0.00580330425636097,0.00640943468786053,0.00597067734017381,0.169765187420634,0.186915241583509,0.174641754770139
"296",12008,2017,3,29,36,37,129,5625,4628,749,0.822755556,0.133155556,0.0831024930747922,0.803324099722992,0.0063998862242449,0.0040048057669203,0.0062660703096303,0.187219008655797,0.116772764436859,0.183284594048815
"297",12008,2018,4,16,20,37,129,5994,4854,894,0.80980981,0.149149149,0.199004975124378,0.796019900497512,0.00333661433743181,0.00447377250866793,0.00329618260851651,0.0976106328794521,0.130526551257666,0.096417153306392
"298",12009,2010,20,42,62,37,129,6972,5755,787,0.825444636,0.112880092,0.322061191626409,0.676328502415459,0.00889258616485707,0.0254097319273282,0.00729787492832444,0.260164428346124,0.741035508585645,0.213490734620813
"299",12009,2011,15,54,69,37,129,7020,5805,934,0.826923077,0.133048433,0.217076700434153,0.781476121562952,0.00982891981595704,0.0160582378760304,0.00930216533737576,0.287558910752898,0.468577542721599,0.272125040314113
"300",12009,2012,18,34,53,37,129,7197,5905,889,0.820480756,0.12352369,0.338983050847458,0.64030131826742,0.00736407719776021,0.0202451917669553,0.00575773483937613,0.215448596583966,0.59066218062139,0.168437851062711
"301",12009,2013,13,40,54,37,129,7079,6142,704,0.867636672,0.099449075,0.240295748613678,0.739371534195933,0.0076280883163114,0.0184632864649908,0.0065124306019114,0.223171230113104,0.538226127667617,0.190519379441485
"302",12009,2014,9,15,24,37,129,7090,6320,559,0.891396333,0.078843441,0.37344398340249,0.622406639004149,0.00338500162197994,0.0160972992309068,0.00237338016803532,0.0990333898104784,0.468768727540331,0.069433488504397
"303",12009,2015,10,45,55,37,129,6957,6312,390,0.907287624,0.056058646,0.181488203266788,0.816696914700544,0.00790559284759454,0.0256344527044348,0.00712916462033238,0.231288424826407,0.744876391321361,0.208564348812529
"304",12009,2016,30,32,62,37,129,7038,6474,225,0.919863598,0.031969309,0.483091787439614,0.515297906602254,0.00880919566360239,0.133274100399822,0.00494277196830447,0.257725707889004,3.85231425000138,0.144602855889739
"305",12009,2017,12,24,36,37,129,7154,6725,98,0.940033548,0.01369863,0.332409972299169,0.664819944598338,0.00503207950685621,0.122324159021407,0.00356872016772985,0.147221692563318,3.47993027405111,0.104406097964519
"306",12009,2018,0,30,30,37,129,7402,6817,189,0.920967306,0.02553364,0,0.996677740863787,0.0040529039056484,0,0.0044006982441214,0.118575882607194,0,0.128747090182447
"307",12010,2010,3,29,32,37,129,4878,4709,125,0.965354654,0.025625256,0.0934579439252336,0.903426791277259,0.00655993112072323,0.0239808153477218,0.00615828926971183,0.191886121251638,0.68636564195171,0.180133854937642
"308",12010,2011,2,33,36,37,129,4753,4617,77,0.971386493,0.016200295,0.0554016620498615,0.914127423822715,0.00757400433401359,0.0259403372243839,0.00714734357063958,0.221545646082565,0.732374725602716,0.209061819452245
"309",12010,2012,0,21,21,37,129,4782,4525,101,0.946256796,0.02112087,0,0.995260663507109,0.00439137617364756,0,0.00464078141919516,0.128451706052768,0,0.135742479462848
"310",12010,2013,3,20,23,37,129,5113,4774,162,0.933698416,0.031683943,0.12987012987013,0.865800865800866,0.00449824959417966,0.0185070943861814,0.00418927127626149,0.131582882099151,0.532385052929596,0.122539834565464
"311",12010,2014,2,28,30,37,129,5086,4696,163,0.923318915,0.032048761,0.0664451827242525,0.930232558139535,0.00589842905172922,0.0122624156958921,0.00596239432720768,0.172540451931901,0.352784333046567,0.174403514366353
"312",12010,2015,1,9,10,37,129,5252,4849,176,0.923267327,0.033511043,0.099009900990099,0.891089108910891,0.00190400030464005,0.0056785917092561,0.00185601451815801,0.055696667365219,0.163576322726364,0.0542905385398208
"313",12010,2016,2,13,15,37,129,5155,4720,182,0.915615907,0.035305529,0.132450331125828,0.860927152317881,0.00290973986925569,0.0109829763866008,0.00275417893688693,0.0851161487949454,0.316538090559308,0.0805615879659117
"314",12010,2017,1,8,9,37,129,5471,5001,185,0.914092488,0.033814659,0.10989010989011,0.879120879120879,0.00164500740253331,0.00540248514316586,0.00159964807742297,0.0481215275011868,0.155742491921886,0.0467923567474702
"315",12010,2018,0,5,5,37,129,5362,4788,217,0.892950392,0.040469974,0,0.980392156862745,0.000932470487309077,0,0.00104425555021825,0.0272773442155817,0,0.0305454374616084
"316",12101,2010,13,45,58,37,129,7735,6605,461,0.853910795,0.059599224,0.223752151462995,0.774526678141136,0.00749828702925625,0.028193450444589,0.00681291729118408,0.21938112415698,0.82014332588852,0.199316462769763
"317",12101,2011,2,40,42,37,129,7983,6644,549,0.832268571,0.068771139,0.0475059382422803,0.950118764845606,0.00526111410354374,0.00364232380258605,0.00602037898285697,0.15392878677064,0.106058231250351,0.176130665516631
"318",12101,2012,12,37,49,37,129,8267,6875,541,0.831619693,0.06544091,0.244399185336049,0.753564154786151,0.00592710865962671,0.0221770467566069,0.00538173990196506,0.173416451635524,0.64570872578283,0.157449053973586
"319",12101,2013,4,23,27,37,129,8102,6677,478,0.824117502,0.058997778,0.14760147601476,0.848708487084871,0.00333246935979561,0.00836645053336122,0.00344460918662293,0.097501331909949,0.243431557103654,0.100774815906823
"320",12101,2014,6,28,34,37,129,8381,6789,752,0.810046534,0.089726763,0.175953079178886,0.821114369501466,0.0040567467277565,0.00797766254487435,0.004124258001797,0.118693604932052,0.232617443436978,0.120659331707953
"321",12101,2015,9,25,35,37,129,8463,6638,797,0.78435543,0.094174643,0.256410256410256,0.712250712250712,0.00413560043010244,0.011290929619872,0.00376613790090538,0.121001127300275,0.329297272790724,0.11018112345039
"322",12101,2016,8,44,52,37,129,8561,6853,770,0.800490597,0.089942764,0.153550863723608,0.844529750479846,0.00607398581957926,0.0103882612647708,0.00642045205819264,0.177715897125736,0.30293363235533,0.187837537169976
"323",12101,2017,5,12,17,37,129,9000,7088,830,0.787555556,0.092222222,0.292397660818713,0.701754385964912,0.00188886790146776,0.00602337067823154,0.0016929783722013,0.055266388233569,0.175694853591736,0.0495306611176028
"324",12101,2018,9,21,30,37,129,9076,7272,967,0.801234024,0.106544733,0.299003322259136,0.697674418604651,0.00330538447130375,0.00930617309481956,0.00288774906835715,0.0967125025580655,0.271581025264185,0.0844863499709468
"325",12103,2010,0,3,3,37,129,4312,4051,153,0.939471243,0.035482375,0,0.967741935483871,0.000695716704158067,0,0.000740539606526622,0.0203490295438822,0,0.0216591411832724
"326",12103,2011,0,4,4,37,129,4169,3958,182,0.949388343,0.043655553,0,0.975609756097561,0.000959439687222662,0,0.00101058588716809,0.0280620369208649,0,0.0295569117470632
"327",12103,2012,0,1,1,37,129,4246,3926,279,0.924634951,0.065708902,0,0.909090909090909,0.00023551023291962,0,0.000254705687578004,0.00688837260637582,0,0.00744941111269729
"328",12103,2013,2,0,2,37,129,4087,3886,165,0.950819672,0.040371911,0.952380952380952,0,0.000489344523011426,0.0121138703815869,0,0.0143123299764183,0.348582689319677,0
"329",12103,2014,0,2,2,37,129,4233,4118,98,0.972832506,0.023151429,0,0.952380952380952,0.000472466986369327,0,0.000485660863019354,0.013819025850594,0,0.0142046643349875
"330",12103,2015,0,1,1,37,129,4072,3872,146,0.950884086,0.035854617,0,0.909090909090909,0.000245573536995653,0,0.000258257792928902,0.00718250717288834,0,0.00755322422165762
"331",12103,2016,0,0,0,37,129,4310,4120,92,0.955916473,0.021345708,0,0,0,0,0,0,0,0
"332",12103,2017,0,0,0,37,129,4454,4276,87,0.960035923,0.019533004,0,0,0,0,0,0,0,0
"333",12103,2018,0,0,0,37,129,4463,4198,95,0.940622899,0.02128613,0,0,0,0,0,0,0,0
"334",12104,2010,0,0,0,37,129,5067,4366,409,0.861653839,0.080718374,0,0,0,0,0,0,0,0
"335",12104,2011,0,0,0,37,129,5175,4558,182,0.880772947,0.035169082,0,0,0,0,0,0,0,0
"336",12104,2012,0,4,4,37,129,5273,4412,453,0.836715342,0.08590935,0,0.975609756097561,0.000758567066810794,0,0.000906597765236509,0.0221899902032311,0,0.0265174869767406
"337",12104,2013,0,1,1,37,129,5349,4473,430,0.836231071,0.080388858,0,0.909090909090909,0.000186947336935185,0,0.000223558605888534,0.00546872034997688,0,0.00653902360116622
"338",12104,2014,0,0,0,37,129,5606,4801,389,0.856403853,0.069389939,0,0,0,0,0,0,0,0
"339",12104,2015,0,0,0,37,129,5723,5173,375,0.903896558,0.065525074,0,0,0,0,0,0,0,0
"340",12104,2016,0,4,4,37,129,6322,5710,381,0.903195191,0.060265739,0,0.975609756097561,0.000632701159424875,0,0.000700513125864696,0.0185097421325567,0,0.0204926070534289
"341",12104,2017,0,0,0,37,129,6625,6252,106,0.943698113,0.016,0,0,0,0,0,0,0,0
"342",12104,2018,0,2,2,37,129,6506,6171,107,0.948509069,0.016446357,0,0.952380952380952,0.000307403821029495,0,0.000324091328936494,0.00899324632789668,0,0.00948122385145912
"343",12105,2010,0,0,0,37,129,10558,9134,633,0.865125971,0.059954537,0,0,0,0,0,0,0,0
"344",12105,2011,0,15,15,37,129,11261,9929,648,0.881715656,0.057543735,0,0.993377483443709,0.00133201907451315,0,0.00151071094056863,0.0389760048746063,0,0.0442031918483444
"345",12105,2012,0,3,3,37,129,11024,9964,541,0.903846154,0.049074746,0,0.967741935483871,0.000272131058317686,0,0.000301080880360494,0.00796274200075399,0,0.00880959345998366
"346",12105,2013,0,3,3,37,129,11632,9868,1054,0.848349381,0.090612105,0,0.967741935483871,0.000257906998736256,0,0.000304009890455103,0.00754663735207615,0,0.00889527143001187
"347",12105,2014,0,0,0,37,129,12169,10170,974,0.835730134,0.080039444,0,0,0,0,0,0,0,0
"348",12105,2015,2,8,10,37,129,12229,10224,1331,0.836045466,0.108839643,0.198019801980198,0.792079207920792,0.000817721663900042,0.00150251671549846,0.000782464960240999,0.0239277029204674,0.0438827538181889,0.0228950038461723
"349",12105,2016,1,2,3,37,129,11838,9770,1291,0.825308329,0.109055584,0.32258064516129,0.645161290322581,0.000253419045285983,0.000774533343660445,0.000204706195433005,0.00741534633759082,0.0226196649416178,0.00598964704207641
"350",12105,2017,1,4,5,37,129,11874,9594,1414,0.80798383,0.119083712,0.196078431372549,0.784313725490196,0.000421084545355016,0.000707163566933032,0.000416922900532619,0.0123214496279305,0.0206561063793166,0.0121989848037499
"351",12105,2018,3,1,4,37,129,11309,10007,627,0.884870457,0.055442568,0.731707317073171,0.24390243902439,0.000353697464873421,0.00478392600861107,9.99290503742343e-05,0.0103494980387643,0.139388529997386,0.0029239165916158
"352",12201,2010,1,0,1,37,129,2797,2797,0,1,0,0.909090909090909,0,0.000357513138607844,10,0,0.0104531986005811,10,0
"353",12201,2011,0,0,0,37,129,2984,2965,19,0.993632708,0.006367292,0,0,0,0,0,0,0,0
"354",12201,2012,0,0,0,37,129,2874,2798,20,0.973556019,0.006958942,0,0,0,0,0,0,0,0
"355",12201,2013,0,0,0,37,129,2978,2909,10,0.976830087,0.003357958,0,0,0,0,0,0,0,0
"356",12201,2014,0,1,1,37,129,2952,2900,10,0.982384824,0.003387534,0,0.909090909090909,0.000338741912536838,0,0.000344815696010482,0.00990487849579504,0,0.0100823041471723
"357",12201,2015,1,1,2,37,129,2873,2834,0,0.986425339,0,0.476190476190476,0.476190476190476,0.000696112213288782,10,0.000352845700575138,0.0203539192393692,10,0.010316865035113
"358",12201,2016,0,1,1,37,129,2719,2632,0,0.968002942,0,0,0.909090909090909,0.000367768747011879,0,0.000379924774894571,0.010752747245725,0,0.011107781398322
"359",12201,2017,0,0,0,37,129,2775,2705,0,0.974774775,0,0,0,0,0,0,0,0,0
"360",12201,2018,0,1,1,37,129,2822,2718,0,0.963146704,0,0,0.909090909090909,0.000354346054356685,0,0.000367904050623597,0.0103606900218645,0,0.010756699115055
"361",12202,2010,0,0,0,37,129,2868,2722,133,0.949093445,0.04637378,0,0,0,0,0,0,0,0
"362",12202,2011,0,2,2,37,129,2713,2586,114,0.953188352,0.042019904,0,0.952380952380952,0.000737164129593454,0,0.000773365299099029,0.0215530042277362,0,0.022610288472589
"363",12202,2012,0,0,0,37,129,2881,2708,132,0.939951406,0.045817425,0,0,0,0,0,0,0,0
"364",12202,2013,0,0,0,37,129,2839,2653,131,0.934483973,0.046143008,0,0,0,0,0,0,0,0
"365",12202,2014,0,0,0,37,129,2936,2640,100,0.899182561,0.034059946,0,0,0,0,0,0,0,0
"366",12202,2015,0,1,1,37,129,3097,2755,132,0.889570552,0.042621892,0,0.909090909090909,0.000322882696716283,0,0.000362963231824616,0.00944157485487158,0,0.0106123885900262
"367",12202,2016,0,1,1,37,129,3329,3090,0,0.928206669,0,0,0.909090909090909,0.000300381484485296,0,0.000323614122520307,0.00878416384759297,0,0.00946294329578513
"368",12202,2017,0,0,0,37,129,3341,3088,6,0.924274169,0.00179587,0,0,0,0,0,0,0,0
"369",12202,2018,0,0,0,37,129,3372,3167,7,0.939205219,0.002075919,0,0,0,0,0,0,0,0
"370",12203,2010,0,0,0,37,129,1660,1602,6,0.965060241,0.003614458,0,0,0,0,0,0,0,0
"371",12203,2011,0,0,0,37,129,1770,1652,13,0.933333333,0.007344633,0,0,0,0,0,0,0,0
"372",12203,2012,0,2,2,37,129,1916,1764,11,0.920668058,0.005741127,0,0.952380952380952,0.00104378685872345,0,0.00113372257808514,0.0305047496504545,0,0.0331289228175146
"373",12203,2013,0,0,0,37,129,2001,1868,14,0.933533233,0.006996502,0,0,0,0,0,0,0,0
"374",12203,2014,0,0,0,37,129,2388,2116,10,0.886097152,0.004187605,0,0,0,0,0,0,0,0
"375",12203,2015,2,0,2,37,129,2286,2238,10,0.979002625,0.004374453,0.952380952380952,0,0.000874852368662788,0.198019801980198,0,0.0255737237756067,4.52828972952412,0
"376",12203,2016,0,0,0,37,129,2335,2307,5,0.988008565,0.002141328,0,0,0,0,0,0,0,0
"377",12203,2017,0,0,0,37,129,2295,2284,0,0.995206972,0,0,0,0,0,0,0,0,0
"378",12203,2018,1,0,1,37,129,2271,2256,0,0.99339498,0,0.909090909090909,0,0.000440315265730263,10,0,0.012871210656948,10,0
"379",12300,2010,0,2,2,37,129,6150,5631,395,0.915609756,0.064227642,0,0.952380952380952,0.000325197964260744,0,0.00035517039299604,0.00951358336210082,0,0.0103899791555609
"380",12300,2011,0,3,3,37,129,6817,6359,346,0.932815021,0.050755464,0,0.967741935483871,0.00044006982441214,0,0.000471764872387602,0.0128747090182447,0,0.0138015692129648
"381",12300,2012,1,0,1,37,129,6947,6540,288,0.94141356,0.041456744,0.909090909090909,0,0.000143944955449036,0.00347101700798334,0,0.00421129486238286,0.100603276097823,0
"382",12300,2013,0,5,5,37,129,6991,6622,273,0.947217852,0.039050207,0,0.980392156862745,0.000715195033685686,0,0.000755047492487277,0.0209240043999912,0,0.0220894448394726
"383",12300,2014,1,1,2,37,129,7359,6716,582,0.912623998,0.079086832,0.476190476190476,0.476190476190476,0.000271772363468359,0.00171791788352517,0.000148895936629889,0.00795123119976715,0.0500373553596923,0.00435608124559565
"384",12300,2015,0,3,3,37,129,7462,6924,450,0.927901367,0.060305548,0,0.967741935483871,0.000402031599683735,0,0.000433269305758149,0.0117622818614896,0,0.0126758338314661
"385",12300,2016,1,2,3,37,129,7846,7343,379,0.9358909,0.048304869,0.32258064516129,0.645161290322581,0.000382355565185251,0.00263782643102084,0.000272364532690553,0.0111868253259777,0.0766329821388443,0.00796854959979059
"386",12300,2017,0,2,2,37,129,8339,7595,610,0.910780669,0.073150258,0,0.952380952380952,0.000239834034847885,0,0.00026332767178839,0.00701712967325646,0,0.00770425717542867
"387",12300,2018,1,2,3,37,129,8823,7942,694,0.900147342,0.078658053,0.32258064516129,0.645161290322581,0.000340016547471977,0.00144071459443884,0.000251822565820123,0.00994848191259085,0.041996075204286,0.00736776858330681
"388",980100,2010,0,0,0,37,129,0,0,0,0,0,0,0,0,0,0,0,0,0
"389",980100,2011,12,0,12,37,129,0,0,0,0,0,0.991735537190083,0,120,120,0,120,120,0
"390",980100,2012,0,2,2,37,129,0,0,0,0,0,0,0.952380952380952,20,0,20,20,0,20
"391",980100,2013,0,1,1,37,129,0,0,0,0,0,0,0.909090909090909,10,0,10,10,0,10
"392",980100,2014,0,1,1,37,129,0,0,0,0,0,0,0.909090909090909,10,0,10,10,0,10
"393",980100,2015,0,0,0,37,129,0,0,0,0,0,0,0,0,0,0,0,0,0
"394",980100,2016,0,0,0,37,129,0,0,0,0,0,0,0,0,0,0,0,0,0
"395",980100,2017,0,0,0,37,129,0,0,0,0,0,0,0,0,0,0,0,0,0
"396",980100,2018,0,3,3,37,129,0,0,0,0,0,0,0.967741935483871,30,0,30,30,0,30
